{
    "type": "recommendation",
    "metrics": {
        "top_1_hit_rate": 0.3541666666666667,
        "top_3_hit_rate": 0.6536458333333334,
        "top_5_hit_rate": 0.7447916666666666,
        "average_hit_rate": 0.5842013888888888,
        "total_scenarios": 384,
        "top_1_hits": 136,
        "top_3_hits": 251,
        "top_5_hits": 286
    },
    "data_info": {
        "evaluated_count": 384,
        "original_simulation_count": 384,
        "original_ground_truth_count": 384
    }
}