{
    "type": "recommendation",
    "metrics": {
        "top_1_hit_rate": 0.3932291666666667,
        "top_3_hit_rate": 0.6692708333333334,
        "top_5_hit_rate": 0.8098958333333334,
        "average_hit_rate": 0.6241319444444445,
        "total_scenarios": 384,
        "top_1_hits": 151,
        "top_3_hits": 257,
        "top_5_hits": 311
    },
    "data_info": {
        "evaluated_count": 384,
        "original_simulation_count": 384,
        "original_ground_truth_count": 384
    }
}