{
    "type": "recommendation",
    "metrics": {
        "top_1_hit_rate": 0.3802083333333333,
        "top_3_hit_rate": 0.6822916666666666,
        "top_5_hit_rate": 0.8411458333333334,
        "average_hit_rate": 0.6345486111111112,
        "total_scenarios": 384,
        "top_1_hits": 146,
        "top_3_hits": 262,
        "top_5_hits": 323
    },
    "data_info": {
        "evaluated_count": 384,
        "original_simulation_count": 384,
        "original_ground_truth_count": 384
    }
}